DATE,elec,copper,NGas,stock,Tbill
4/15/2014,26.22,3.017,4.567,40.240925,119.52
4/16/2014,27.49,3.05,4.53,40.55204,119.35
4/17/2014,35.34,3.07,4.741,39.885361,119.01
4/21/2014,28.33,3.068,4.697,39.805355,119.06
4/22/2014,38.55,3.079,4.739,39.725349,118.95
4/23/2014,34.99,3.082,4.73,39.627567,119.14
4/24/2014,32.75,3.136,4.705,39.912014,119.12
4/25/2014,42.04,3.127,4.647,40.445362,119.18
4/28/2014,40.63,3.108,4.795,40.738712,119.23
4/29/2014,36.71,3.072,4.831,40.312027,119.15
4/30/2014,41.36,3.03,4.815,40.516479,119.45
5/5/2014,35.69,3.071,4.688,39.876469,119.46
6/5/2014,31.5,3.091,4.701,41.334282,120.05
8/5/2014,22.79,3.199,3.897,39.247952,119.33
9/5/2014,41.38,3.158,3.793,43.143124,119.49
12/5/2014,49.62,2.925,3.802,46.19841,119.34
12/5/2014,49.62,2.925,3.802,46.19841,119.34
5/13/2014,56.29,3.15,4.358,38.400875,119.84
5/14/2014,57.58,3.174,4.367,38.916443,120.12
5/15/2014,24.94,3.162,4.469,38.783115,120.24
5/16/2014,35.29,3.161,4.413,38.792,120.2
5/19/2014,38.78,3.179,4.47,38.685329,120.25
5/20/2014,36.67,3.156,4.552,38.783115,120.42
5/21/2014,33.84,3.131,4.473,39.369781,120.34
5/22/2014,18.75,3.152,4.359,39.65424,120.2
5/23/2014,35.75,3.18,4.405,39.752018,120.34
5/27/2014,22.1,3.193,4.505,39.805355,120.34
5/28/2014,33.65,3.188,4.619,40.267578,120.63
5/29/2014,32.26,3.154,4.559,40.605373,120.55
5/30/2014,40.67,3.136,4.542,40.774261,120.49
5/6/2014,37.39,3.075,4.799,39.387558,119.45
6/6/2014,39.44,3.053,4.71,41.494274,119.92
10/6/2014,41.27,3.03,3.898,41.039051,118.74
11/6/2014,36.38,3.03,4.404,44.738552,119.21
6/13/2014,35.83,3.03,4.739,41.378719,119.73
6/16/2014,34.45,3.047,4.707,41.672062,119.7
6/17/2014,29.14,3.058,4.709,41.672062,119.45
6/18/2014,29.07,3.055,4.659,42.400967,119.6
6/19/2014,32.64,3.075,4.584,42.872086,119.76
6/20/2014,38.54,3.118,4.531,42.836533,119.7
6/23/2014,32.22,3.146,4.446,42.329849,119.67
6/24/2014,37.69,3.147,4.535,42.427631,119.8
6/25/2014,32.77,3.16,4.553,42.223186,119.95
6/26/2014,27.03,3.161,4.4,42.362297,120.13
6/27/2014,37.99,3.149,4.409,42.658482,120.16
6/30/2014,46.33,3.188,4.461,43.098255,120.18
7/7/2014,42.07,3.248,4.225,41.725075,118.87
8/7/2014,34.45,3.171,3.876,38.84407,119.65
10/7/2014,41.2,3.034,3.957,40.241127,119.02
11/7/2014,63.35,3.053,4.412,45.654362,119.57
7/14/2014,55.64,3.239,4.147,42.119968,119.19
7/15/2014,41.47,3.239,4.097,42.443081,119.08
7/16/2014,33.26,3.205,4.119,42.640526,119.02
7/17/2014,32.4,3.209,3.954,42.06612,119.27
7/18/2014,34.63,3.174,3.951,42.425117,119.19
7/21/2014,36.9,3.187,3.849,42.299473,119.09
7/22/2014,31.96,3.196,3.772,42.326401,119.24
7/23/2014,30.76,3.195,3.762,42.308449,119.29
7/24/2014,34.07,3.254,3.847,42.51487,119.05
7/25/2014,43.04,3.227,3.781,42.272549,119.16
7/28/2014,45.55,3.231,3.747,42.51487,119.04
7/29/2014,45.84,3.209,3.808,41.823795,119.15
7/30/2014,47.49,3.232,3.786,41.016041,118.8
7/31/2014,54.69,3.223,3.841,40.091602,118.84
5/8/2014,36.97,3.083,4.572,39.636463,119.8
7/8/2014,35.96,3.243,4.204,42.021244,119.05
8/8/2014,51.39,3.166,3.962,39.59798,119.61
12/8/2014,37.12,2.91,3.595,47.077946,119.41
8/13/2014,37.19,3.106,3.831,39.553104,119.8
8/14/2014,37.76,3.086,3.906,39.956978,119.84
8/15/2014,46.68,3.097,3.776,40.567287,119.98
8/18/2014,37.05,3.103,3.792,40.378803,119.88
8/19/2014,36.43,3.086,3.877,41.051945,119.81
8/20/2014,39.83,3.174,3.823,41.141693,119.55
8/21/2014,39.82,3.172,3.889,41.150658,119.59
8/22/2014,44.3,3.199,3.84,40.962196,119.42
8/25/2014,47.32,3.213,3.937,41.21349,119.38
8/26/2014,42.67,3.182,3.911,40.75576,119.47
8/27/2014,38.69,3.175,3.957,41.105789,119.59
8/28/2014,30.01,3.127,4.044,41.401966,119.7
8/29/2014,37.5,3.135,4.065,41.716091,119.72
5/9/2014,38.63,3.1,4.531,38.747551,119.78
9/9/2014,39.79,3.095,3.984,42.182793,119.14
10/9/2014,38.95,3.028,3.845,40.368069,119.39
12/9/2014,50.52,2.946,3.652,47.005409,119.62
9/15/2014,46.71,3.081,3.931,41.590443,119.06
9/16/2014,44.37,3.16,3.995,41.24939,119.17
9/17/2014,40.33,3.142,4.013,41.419918,119.02
9/18/2014,40.07,3.092,3.91,41.195545,118.81
9/19/2014,40.41,3.088,3.837,41.141693,118.91
9/22/2014,39.79,3.038,3.85,40.558315,119.09
9/23/2014,39.22,3.034,3.816,40.666004,119.22
9/24/2014,39.59,3.059,3.911,40.603188,119.08
9/25/2014,38.59,3.06,3.971,40.100582,119.34
9/26/2014,33.98,3.029,3.984,40.186722,119.16
9/29/2014,32.84,3.053,4.154,40.667294,119.3
9/30/2014,32.74,3.006,4.121,40.839573,119.31
6/10/2014,34.84,3.055,4.53,41.040936,119.66
7/10/2014,35.46,3.256,4.12,42.362297,119.31
9/10/2014,31.27,3.104,3.954,42.012276,119.06
10/10/2014,35.07,3.032,3.859,40.957455,119.45
10/13/2014,35.45,3.037,3.916,41.138798,119.88
10/14/2014,31.51,3.085,3.816,41.601238,120
10/15/2014,34.35,3.005,3.8,41.465225,120.71
10/16/2014,33.32,2.978,3.796,40.513149,120.42
10/17/2014,34.38,3.001,3.766,40.531292,120.2
10/20/2014,31.17,2.99,3.67,41.156933,120.34
10/21/2014,31.17,3.031,3.711,41.247608,120.3
10/22/2014,30.6,3.022,3.659,41.936737,120.15
10/23/2014,31.2,3.05,3.622,41.882328,119.91
10/24/2014,32.9,3.051,3.623,42.770927,119.94
10/27/2014,32.68,3.078,3.561,42.226887,120.02
10/28/2014,29.58,3.108,3.649,43.088295,119.93
10/29/2014,27.2,3.112,3.728,43.985962,119.45
10/30/2014,26.46,3.072,3.827,45.200989,119.59
10/31/2014,31.01,3.061,3.873,45.627155,119.43
6/11/2014,28.26,3.042,4.508,41.138714,119.73
7/11/2014,30.38,3.259,4.146,42.290501,119.35
12/11/2014,57.79,2.941,3.634,47.993752,119.72
11/13/2014,43.66,2.999,3.977,45.12846,119.47
11/14/2014,42.31,3.058,4.02,45.019646,119.57
11/17/2014,38.47,3.05,4.341,45.862915,119.47
11/18/2014,37.84,3.011,4.244,45.717834,119.57
11/19/2014,36.93,3.047,4.371,45.49115,119.45
11/20/2014,32.45,3.027,4.489,45.52742,119.56
11/21/2014,38.4,3.035,4.266,45.400478,119.65
11/24/2014,29.11,3.004,4.151,44.629742,119.71
11/25/2014,30.76,2.961,4.282,44.684151,119.88
11/28/2014,54.12,2.86,4.088,45.790375,120.2
5/12/2014,29.45,3.167,4.434,38.240875,119.64
8/12/2014,27.98,3.149,3.974,39.418476,119.61
9/12/2014,26.45,3.102,3.857,41.626354,118.94
11/12/2014,28.27,3.034,4.185,45.463947,119.36
12/15/2014,32.6,2.898,3.719,47.458786,119.88
12/16/2014,31.7,2.877,3.619,47.096077,120.12
12/17/2014,29.31,2.888,3.702,47.812405,119.66
12/18/2014,26.66,2.873,3.642,48.465271,119.49
12/19/2014,26.46,2.908,3.464,48.111629,119.49
12/22/2014,23.83,2.904,3.144,48.25671,119.41
12/23/2014,22.39,2.902,3.171,48.302044,119.1
12/26/2014,23.62,2.836,3.007,49.743763,119.12
12/29/2014,36.41,2.838,3.189,50.269512,119.34
12/30/2014,35.62,2.869,3.094,49.629478,119.47
12/31/2014,27.22,2.838,2.889,48.678577,119.6
5/1/2015,23.92,2.932,2.776,49.335796,119.84
6/1/2015,23.29,2.741,2.649,49.492592,119.84
7/1/2015,23.74,2.635,2.783,45.966663,118.87
9/1/2015,23.5,2.303,2.702,44.570343,119.98
12/1/2015,24.71,2.067,2.231,49.698578,119.5
1/13/2015,24.77,2.679,2.943,51.668415,120.44
1/14/2015,22.23,2.553,3.233,52.710743,120.73
1/15/2015,23.71,2.611,3.158,52.674171,121.12
1/16/2015,24.14,2.654,3.127,53.177048,120.8
1/20/2015,23.73,2.615,2.831,53.305054,120.75
1/21/2015,24.04,2.615,2.974,53.460491,120.55
1/22/2015,21.16,2.6,2.835,53.213619,120.36
1/23/2015,23.71,2.538,2.986,53.82621,120.62
1/26/2015,20.78,2.574,2.881,54.310806,120.48
1/27/2015,22.53,2.514,2.981,54.319954,120.57
1/28/2015,22.47,2.522,2.866,54.210239,121.03
1/29/2015,21.33,2.47,2.719,54.996555,120.88
1/30/2015,20.58,2.528,2.691,53.771362,121.34
2/2/2015,20.14,2.511,2.68,53.606781,121.35
3/2/2015,21.94,2.711,2.698,48.824863,119.66
4/2/2015,20.59,2.748,2.713,49.428028,120.38
6/2/2015,13.53,2.758,2.698,48.791615,119.63
9/2/2015,17.7,2.333,2.648,44.61689,119.9
10/2/2015,20.01,2.329,2.451,49.764301,120.96
11/2/2015,19.15,2.316,2.256,50.280724,119.59
12/2/2015,8.93,2.029,2.165,49.031921,119.3
2/13/2015,19.51,2.614,2.804,49.428329,119.8
2/17/2015,19.67,2.595,2.759,49.730045,119.31
2/18/2015,15.97,2.639,2.831,50.790661,119.84
2/19/2015,16,2.642,2.834,50.333496,119.58
2/20/2015,24.09,2.611,2.951,50.269512,119.43
2/23/2015,24.03,2.639,2.879,50.525513,119.73
2/24/2015,24.73,2.712,2.902,50.424942,120.18
2/25/2015,24.4,2.708,2.894,49.474041,120.16
2/26/2015,21.04,2.714,2.697,49.300316,119.87
2/27/2015,23.62,2.716,2.734,49.126598,119.99
2/3/2015,24.25,2.6,2.754,53.807938,120.9
3/3/2015,23.19,2.674,2.712,49.108307,119.48
6/3/2015,20.92,2.751,2.634,47.933849,119.31
9/3/2015,20.85,2.39,2.725,44.961311,120.08
11/3/2015,19.69,2.327,2.253,50.355843,119.43
12/3/2015,18.54,2.056,2.181,48.646954,118.84
3/13/2015,21.22,2.679,2.727,47.361954,119.73
3/16/2015,19.07,2.678,2.716,48.962025,119.8
3/17/2015,19.87,2.642,2.855,48.504856,119.84
3/18/2015,19.56,2.587,2.92,49.602051,120.55
3/19/2015,15.99,2.675,2.813,49.01688,120.28
3/20/2015,17.31,2.775,2.786,49.336899,120.6
3/23/2015,18.56,2.808,2.733,49.821491,120.68
3/24/2015,19.78,2.815,2.786,48.879723,120.82
3/25/2015,19.01,2.805,2.723,48.239697,120.65
3/26/2015,10.2,2.821,2.672,47.883118,120.38
3/27/2015,16.45,2.775,2.59,47.970737,120.65
3/30/2015,5.72,2.788,2.644,48.83773,120.63
3/31/2015,15.86,2.747,2.64,48.948418,120.88
2/4/2015,20.66,2.612,2.662,52.948471,120.85
6/4/2015,20.85,2.716,2.626,47.823166,119.53
8/4/2015,20.54,2.365,2.812,48.396252,119.57
9/4/2015,17.99,2.32,2.655,44.3097,120.2
4/13/2015,16.78,2.737,2.511,48.284328,120.27
4/14/2015,21.75,2.72,2.53,48.238216,120.45
4/15/2015,21.74,2.729,2.61,47.887722,120.55
4/16/2015,20.06,2.785,2.684,47.887722,120.73
4/17/2015,21.83,2.784,2.634,48.29356,120.7
4/20/2015,19.85,2.736,2.536,48.496468,120.59
4/21/2015,16.93,2.705,2.575,47.989185,120.5
4/22/2015,18.78,2.67,2.606,47.823166,120.27
4/23/2015,18.73,2.698,2.531,48.136761,120.45
4/24/2015,23.62,2.752,2.531,48.644043,120.64
4/27/2015,22.99,2.774,2.49,47.84161,120.56
4/28/2015,22.54,2.78,2.517,48.514915,120.39
4/28/2015,22.54,2.78,2.517,48.514915,120.39
4/29/2015,21.98,2.795,2.606,49.732395,120.23
4/30/2015,20.99,2.886,2.751,48.810062,120.13
1/5/2015,27.89,2.793,2.882,49.592907,119.31
5/5/2015,33.84,2.94,2.78,48.284328,119.66
6/5/2015,37.82,2.722,2.59,47.371223,119.08
8/5/2015,34.42,2.353,2.798,48.247314,119.33
11/5/2015,28.59,2.253,2.364,50.440342,119.15
5/13/2015,28.23,2.95,2.935,46.983837,119.71
5/14/2015,23.56,2.946,3.008,47.43578,119.98
5/15/2015,27.24,2.949,3.016,47.970737,120.2
5/18/2015,29.29,2.93,3.01,48.441128,119.86
5/19/2015,27.83,2.861,2.948,48.893078,119.59
5/20/2015,24.85,2.852,2.915,48.745499,119.78
5/21/2015,19.95,2.871,2.949,49.022202,119.99
5/22/2015,23.17,2.833,2.887,48.616379,119.66
5/26/2015,23.69,2.853,2.822,48.588703,119.94
5/27/2015,24.25,2.816,2.815,49.123657,119.91
5/28/2015,22.45,2.793,2.706,49.215893,120.09
5/29/2015,21.52,2.76,2.642,49.317348,120.26
1/6/2015,20.13,2.804,2.938,49.519753,119.7
2/6/2015,23.25,2.603,2.579,51.256973,119.97
3/6/2015,25.52,2.629,2.839,47.727688,119.17
4/6/2015,25.32,2.732,2.65,50.055222,120.6
5/6/2015,31.69,2.933,2.776,47.89695,119.52
8/6/2015,36.15,2.348,2.813,48.554497,119.47
10/6/2015,26.48,2.359,2.47,49.867588,120.75
11/6/2015,26.44,2.241,2.371,48.759624,118.7
6/15/2015,31.94,2.659,2.889,45.941593,119.35
6/16/2015,34.54,2.627,2.894,46.2183,119.5
6/17/2015,37.62,2.623,2.855,46.85471,119.78
6/18/2015,34.94,2.628,2.777,47.675591,119.69
6/19/2015,35.82,2.592,2.816,47.112961,120
6/22/2015,40.86,2.588,2.733,47.177528,119.66
6/23/2015,55.74,2.634,2.726,46.522675,119.48
6/24/2015,66.49,2.647,2.759,45.978485,119.62
6/25/2015,68.12,2.646,2.85,45.74791,119.55
6/26/2015,53.32,2.645,2.773,46.264542,119.31
6/29/2015,54.55,2.639,2.805,45.92012,119.91
6/30/2015,95.41,2.623,2.832,45.706013,119.94
1/7/2015,79.68,2.796,2.871,49.912914,119.8
7/7/2015,45.46,2.451,2.716,47.847034,119.8
8/7/2015,36.83,2.341,2.798,49.234035,119.61
10/7/2015,28.35,2.372,2.474,49.51078,120.57
7/13/2015,30.48,2.555,2.864,47.679474,119
7/14/2015,27.83,2.545,2.84,47.474682,119.2
7/15/2015,27.65,2.53,2.918,47.865646,119.4
7/16/2015,33.46,2.531,2.854,48.656895,119.22
7/17/2015,31.38,2.505,2.87,47.781876,119.13
7/20/2015,27.62,2.484,2.823,47.651546,118.97
7/21/2015,26.59,2.478,2.882,47.102333,119.19
7/22/2015,26.46,2.432,2.897,47.772556,119.16
7/23/2015,24.58,2.385,2.816,46.850994,119.32
7/24/2015,25.81,2.381,2.776,46.869606,119.42
7/27/2015,32.16,2.35,2.789,48.247314,119.7
7/28/2015,42.31,2.403,2.821,48.666203,119.63
7/29/2015,50.85,2.408,2.886,48.722061,119.55
7/30/2015,38.84,2.381,2.768,48.573116,119.47
7/31/2015,35.15,2.368,2.716,48.880302,119.84
4/8/2015,26.59,2.748,2.619,49.446484,120.47
5/8/2015,27.79,2.931,2.88,48.330452,119.95
6/8/2015,26.3,2.716,2.705,46.84549,119.27
7/8/2015,29.95,2.504,2.685,47.874954,119.99
10/8/2015,40.43,2.347,2.498,49.848804,120.43
12/8/2015,39.3,2.048,2.07,49.501396,119.16
8/13/2015,25.63,2.365,2.787,49.671547,119.7
8/14/2015,35,2.364,2.801,50.341782,119.59
8/17/2015,48.62,2.333,2.728,50.518646,119.8
8/18/2015,39.81,2.297,2.704,50.648968,119.7
8/19/2015,24.49,2.283,2.716,50.388325,120.11
8/20/2015,24.34,2.323,2.755,50.155605,120.14
8/21/2015,30.48,2.307,2.676,49.410904,120.41
8/24/2015,31.62,2.269,2.65,46.925465,120.77
8/25/2015,33.29,2.323,2.685,45.575691,120.23
8/26/2015,33.42,2.251,2.693,46.013206,120.27
8/27/2015,27.02,2.334,2.638,46.860298,120.2
8/28/2015,27.32,2.346,2.715,46.934776,119.95
8/31/2015,26.11,2.338,2.689,46.152847,119.81
1/9/2015,24.88,2.791,2.946,51.04668,119.98
2/9/2015,26.61,2.599,2.597,50.991821,119.87
3/9/2015,22.05,2.687,2.678,47.608818,119.38
4/9/2015,29.45,2.745,2.528,48.680927,120.19
9/9/2015,35.43,2.442,2.651,44.598274,120.01
10/9/2015,29.74,2.417,2.502,49.29483,120.39
11/9/2015,27.44,2.23,2.3,49.29483,118.7
9/14/2015,27.03,2.414,2.758,45.138184,120.14
9/15/2015,27.22,2.436,2.728,45.426746,119.67
9/16/2015,23.68,2.462,2.66,45.873573,119.62
9/17/2015,25.72,2.462,2.652,46.62759,120.21
9/18/2015,25.39,2.397,2.605,47.03717,120.49
9/21/2015,25.79,2.398,2.573,47.642235,120.2
9/22/2015,24.44,2.307,2.577,47.893578,120.54
9/23/2015,26.13,2.305,2.569,48.40556,120.47
9/24/2015,23.92,2.312,2.591,48.81514,120.55
9/25/2015,26.99,2.292,2.564,49.261963,120.41
9/28/2015,27.25,2.256,2.563,48.834736,120.66
9/29/2015,27.02,2.253,2.586,48.834736,120.88
9/30/2015,24.95,2.345,2.524,49.576515,120.84
2/10/2015,24.19,2.562,2.677,51.942711,119.74
6/10/2015,23.51,2.772,2.891,46.513451,118.95
7/10/2015,24.5,2.546,2.77,47.586388,119.12
8/10/2015,21.98,2.408,2.842,48.628967,119.45
9/10/2015,24.51,2.454,2.683,44.402794,119.91
12/10/2015,24.72,2.065,2.015,48.496723,119.19
10/13/2015,24.49,2.392,2.498,49.520176,120.62
10/14/2015,25.79,2.42,2.518,49.548344,121.04
10/15/2015,24.02,2.426,2.453,50.750198,120.74
10/16/2015,20.94,2.407,2.43,50.731415,120.68
10/19/2015,24.46,2.372,2.442,50.975544,120.71
10/20/2015,24.47,2.369,2.476,51.013103,120.48
10/21/2015,24.06,2.364,2.404,50.862877,120.59
10/22/2015,24.53,2.385,2.386,51.172722,120.66
10/23/2015,24.12,2.35,2.286,50.355843,120.32
10/26/2015,23.7,2.357,2.062,50.506073,120.4
10/27/2015,23,2.358,2.092,50.768974,120.61
10/28/2015,19.44,2.354,2.033,49.71735,120.05
10/29/2015,17.9,2.316,2.257,49.153984,119.78
10/30/2015,23.55,2.313,2.321,50.139885,119.77
2/11/2015,21.44,2.553,2.797,50.47065,119.74
3/11/2015,22.39,2.623,2.824,46.977932,119.56
5/11/2015,20.59,2.917,2.802,48.016853,119.49
6/11/2015,21.99,2.693,2.825,46.688686,119.23
9/11/2015,20.44,2.462,2.693,45.09164,120.14
12/11/2015,18.25,2.108,1.99,48.553059,119.73
11/13/2015,20,2.17,2.361,49.069477,119.06
11/16/2015,17.29,2.118,2.385,50.177441,119.17
11/17/2015,17.62,2.106,2.371,48.966198,119.15
11/18/2015,20.86,2.078,2.347,49.454449,119.08
11/19/2015,21.92,2.076,2.276,49.942699,119.1
11/20/2015,21.9,2.054,2.145,50.308895,119.05
11/23/2015,22.04,2.019,2.21,49.51078,119.09
11/24/2015,23.56,2.054,2.2,49.34177,119.16
11/25/2015,24.8,2.045,2.206,49.163372,119.18
11/30/2015,32.65,2.045,2.235,49.51078,119.21
1/12/2015,24.96,2.763,2.795,50.680943,120.27
2/12/2015,21.34,2.609,2.713,50.47065,119.88
3/12/2015,21.45,2.675,2.734,47.919689,119.73
8/12/2015,15.96,2.361,2.931,49.50399,120.04
10/12/2015,19.11,2.42,2.535,49.764301,120.54
11/12/2015,18.08,2.173,2.26,49.567123,118.83
12/14/2015,17.06,2.104,1.894,49.088257,119.34
12/15/2015,20.34,2.051,1.822,49.48262,119.14
12/16/2015,21.12,2.061,1.79,50.919216,118.91
12/17/2015,18.56,2.034,1.755,50.562408,118.94
12/18/2015,18.69,2.103,1.767,49.867588,119.17
12/21/2015,18.25,2.129,1.911,49.820644,119.23
12/22/2015,21.38,2.097,1.888,49.961479,119.01
12/23/2015,24.34,2.111,1.983,50.778366,118.95
12/28/2015,25.01,2.067,2.228,50.684467,119.02
12/29/2015,29.06,2.125,2.372,50.95435,118.7
12/30/2015,28.46,2.137,2.214,51.05851,118.73
12/30/2015,28.46,2.137,2.214,51.05851,118.73
12/31/2015,28.03,2.126,2.337,50.367252,118.84
12/31/2015,28.03,2.126,2.337,50.367252,118.84
4/1/2016,26.72,2.161,1.956,57.09882,121.03
4/1/2016,26.72,2.161,1.956,57.09882,121.03
6/1/2016,24.6,2.072,2.381,57.556915,120.41
7/1/2016,25.09,2.215,2.987,61.584801,122.14
8/1/2016,26.24,2.196,2.771,61.700218,121.94
11/1/2016,23.05,2.224,2.902,59.335083,120.94
12/1/2016,20.63,2.631,3.505,56.262188,118.11
1/13/2016,21.76,1.95,2.269,49.515015,119.68
1/15/2016,22.18,1.94,2.1,49.685459,120.04
1/15/2016,22.97,1.94,2.1,49.685459,120.04
1/19/2016,23.4,1.974,2.091,50.168396,119.98
1/20/2016,23.73,1.956,2.118,48.568089,120.26
1/21/2016,23.04,1.993,2.138,48.747997,120.2
1/22/2016,22.05,1.998,2.139,49.581295,119.99
1/25/2016,20.23,1.996,2.158,48.871098,120.04
1/26/2016,18.72,2.034,2.18,49.372967,120.19
1/27/2016,16.96,2.063,2.189,49.931664,120.23
1/28/2016,17.49,2.049,2.182,50.907001,120.35
1/29/2016,20.64,2.064,2.298,51.995975,120.67
3/2/2016,21.19,2.178,1.678,53.245918,120.52
3/2/2016,19.47,2.178,1.678,53.245918,120.52
5/2/2016,21.75,2.261,2.042,55.991776,120.71
8/2/2016,21.1,2.207,2.733,61.873344,121.84
9/2/2016,19.45,2.071,2.792,59.968956,121.25
11/2/2016,14.48,2.226,2.792,58.414185,121.06
12/2/2016,13.89,2.615,3.436,56.494835,118.45
2/16/2016,15.34,2.049,1.903,52.791397,121.23
2/17/2016,14,2.074,1.942,52.848209,121
2/18/2016,13.29,2.071,1.852,53.028126,121.23
2/19/2016,14.67,2.075,1.804,52.923965,121.14
2/22/2016,15.87,2.113,1.821,53.482651,121.04
2/23/2016,16.09,2.104,1.782,54.18338,121.15
2/24/2016,15.45,2.095,1.778,54.410641,121.19
2/25/2016,13.29,2.065,1.711,55.243938,121.47
2/26/2016,14.43,2.118,1.791,53.435303,121.01
2/29/2016,14,2.128,1.711,53.719383,121.1
2/3/2016,13.17,2.092,2.038,54.410641,120.96
3/3/2016,12.26,2.204,1.639,53.302738,120.61
8/3/2016,12.81,2.196,2.839,62.084938,121.88
10/3/2016,10.55,2.183,2.923,58.317249,121.34
11/3/2016,11.52,2.244,2.769,58.356026,121.07
3/14/2016,12.45,2.237,1.819,54.486401,119.89
3/15/2016,15.04,2.231,1.851,54.429585,119.84
3/16/2016,14.84,2.232,1.868,54.978802,120.3
3/17/2016,13.41,2.289,1.936,55.868923,120.45
3/18/2016,14.11,2.28,1.907,55.622723,120.66
3/21/2016,10.32,2.289,1.828,55.471214,120.48
3/22/2016,11.09,2.284,1.863,55.461735,120.32
3/23/2016,12.96,2.231,1.794,55.831039,120.63
3/24/2016,14.53,2.224,1.806,55.726879,120.53
3/28/2016,13.6,2.241,1.848,55.414387,120.65
3/29/2016,17.22,2.208,1.903,56.488037,121.03
3/30/2016,16.81,2.187,1.996,56.72662,121.19
3/31/2016,11.09,2.182,1.959,56.993851,121.34
1/4/2016,10.18,2.071,2.334,50.130516,118.47
4/4/2016,11.72,2.138,1.998,56.802975,121.12
5/4/2016,13.85,2.183,2.141,56.440315,121.13
8/4/2016,13.51,2.174,2.834,62.046471,122.07
11/4/2016,10.66,2.261,2.767,57.99736,121.18
4/13/2016,13.32,2.167,2.036,56.144478,121.2
4/14/2016,12.44,2.171,1.97,56.163559,121.09
4/15/2016,14.09,2.152,1.902,56.573925,121.24
4/18/2016,15.66,2.164,1.94,56.831604,121.15
4/19/2016,16.13,2.223,2.088,56.860233,121.02
4/20/2016,15.31,2.242,2.069,55.734104,120.65
4/21/2016,5.58,2.252,2.068,54.035355,120.59
4/22/2016,7.98,2.269,2.14,54.38847,120.5
4/25/2016,12.53,2.259,2.063,54.493443,120.45
4/26/2016,14.23,2.248,2.032,54.398006,120.33
4/27/2016,13.21,2.22,1.995,55.123314,120.63
4/28/2016,10.91,2.224,2.078,55.123314,120.82
4/29/2016,13.86,2.279,2.178,55.543232,120.91
2/5/2016,13.98,2.1,2.063,53.25539,121.04
4/5/2016,15.28,2.135,1.954,55.571865,121.34
5/5/2016,14.64,2.151,2.076,56.449867,121.29
10/5/2016,16.71,2.156,3.041,56.950439,120.97
12/5/2016,14.58,2.689,3.654,56.591778,118.37
5/13/2016,13.56,2.075,2.096,56.468948,121.3
5/16/2016,16.08,2.091,2.029,56.402145,121.02
5/17/2016,15.42,2.092,2.048,55.018337,120.9
5/18/2016,13.78,2.082,2.001,54.407555,120.27
5/19/2016,16.1,2.063,2.039,54.913361,120.45
5/20/2016,14.71,2.058,2.062,54.999256,120.45
5/23/2016,15.03,2.058,2.055,54.980164,120.45
5/24/2016,12.88,2.07,1.98,55.867706,120.34
5/25/2016,11.18,2.105,1.992,55.781818,120.31
5/26/2016,13.2,2.107,1.963,56.678909,120.59
5/27/2016,18.93,2.114,2.169,56.802975,120.52
5/31/2016,18.54,2.098,2.288,57.337406,120.55
1/6/2016,17.35,2.08,2.267,49.922195,118.93
6/6/2016,26.53,2.117,2.466,58.501717,121.17
7/6/2016,19.21,2.151,2.786,62.892864,122.35
9/6/2016,16.3,2.084,2.717,60.584518,121.58
10/6/2016,15.07,2.148,3.049,57.202473,120.8
6/13/2016,14.65,2.058,2.585,59.742374,121.74
6/14/2016,17.84,2.045,2.604,60.10503,121.77
6/15/2016,19.05,2.094,2.595,59.503784,121.95
6/16/2016,19.59,2.05,2.58,60.076393,122.04
6/17/2016,35.19,2.053,2.623,60.143204,121.83
6/20/2016,23.8,2.094,2.747,59.713745,121.66
6/21/2016,22.7,2.116,2.768,59.771004,121.51
6/22/2016,18.06,2.135,2.677,59.312916,121.56
6/23/2016,14.93,2.163,2.698,59.293831,121.29
6/24/2016,33.18,2.112,2.662,59.799637,122.08
6/27/2016,32.33,2.127,2.716,60.286354,122.51
6/28/2016,24.12,2.17,2.917,60.017048,122.48
6/29/2016,22.07,2.183,2.863,60.190178,122.35
1/7/2016,22.78,2.015,2.382,49.675991,119.14
6/7/2016,20.61,2.051,2.474,58.826195,121.24
7/7/2016,19.9,2.123,2.777,61.94067,122.37
11/7/2016,21.54,2.307,2.816,59.218765,120.94
12/7/2016,25.81,2.637,3.603,56.998905,118.6
7/13/2016,26.55,2.238,2.737,62.094555,121.86
7/14/2016,23.44,2.241,2.727,61.748302,121.67
7/15/2016,22.16,2.231,2.756,62.152271,121.37
7/18/2016,23.34,2.234,2.722,62.05608,121.47
7/19/2016,28.24,2.261,2.728,61.950291,121.53
7/20/2016,33.01,2.252,2.658,61.806023,121.38
7/21/2016,27.79,2.256,2.692,61.709835,121.59
7/22/2016,58.44,2.234,2.777,62.536987,121.49
7/25/2016,33.75,2.216,2.747,62.450428,121.4
7/26/2016,56.46,2.225,2.712,61.709835,121.42
7/27/2016,76.76,2.185,2.672,61.507854,121.69
7/28/2016,24.21,2.206,2.873,61.315491,121.7
7/29/2016,27.89,2.22,2.876,61.498238,122.02
1/8/2016,24.23,2.017,2.472,49.297226,119.34
2/8/2016,34.97,2.088,2.14,53.31221,121.55
3/8/2016,45.81,2.219,1.712,53.91824,120.48
4/8/2016,26.44,2.087,1.99,56.593014,121.48
8/8/2016,29,2.164,2.748,61.084656,121.5
9/8/2016,35.02,2.096,2.806,60.680691,121.23
11/8/2016,39.24,2.379,2.633,60.120277,120.71
12/8/2016,43.55,2.62,3.695,57.376961,118.55
8/15/2016,48.16,2.151,2.59,61.026947,121.55
8/16/2016,49.47,2.172,2.617,60.247879,121.4
8/17/2016,57.37,2.152,2.619,61.248161,121.44
8/18/2016,39.94,2.167,2.674,62.681263,121.63
8/19/2016,27.36,2.167,2.584,62.315777,121.38
8/22/2016,30.07,2.14,2.679,62.219593,121.52
8/23/2016,33.06,2.115,2.761,61.411671,121.47
8/24/2016,37.33,2.076,2.796,61.257786,121.48
8/25/2016,30.47,2.075,2.846,61.01733,121.38
8/26/2016,33.33,2.075,2.871,59.7285,120.93
8/29/2016,29.92,2.072,2.853,59.978573,121.26
8/30/2016,28.68,2.069,2.827,59.507286,121.23
8/31/2016,26.92,2.07,2.887,59.574612,121.24
2/9/2016,28.39,2.038,2.098,52.952374,121.53
6/9/2016,27.01,2.04,2.617,60.10503,121.32
8/9/2016,29.15,2.15,2.615,61.036564,121.64
9/9/2016,28.12,2.088,2.797,58.507008,121.09
12/9/2016,29.63,2.642,3.746,57.512676,118.28
9/13/2016,27.82,2.095,2.909,58.497383,120.96
9/14/2016,29.12,2.148,2.889,59.084091,121.27
9/15/2016,26.42,2.152,2.927,59.478432,121.32
9/16/2016,29.07,2.151,2.948,60.036278,121.21
9/19/2016,28.97,2.149,2.934,60.276733,121.22
9/20/2016,29.52,2.155,3.047,60.16132,121.23
9/21/2016,27.13,2.145,3.057,61.27702,121.23
9/22/2016,24.65,2.188,2.99,61.575176,121.34
9/23/2016,35.01,2.192,2.955,61.748302,121.48
9/26/2016,32.94,2.19,2.997,61.459766,121.61
9/27/2016,30.36,2.162,2.996,60.449863,121.7
9/28/2016,25.46,2.179,2.952,60.469246,121.66
9/29/2016,22.22,2.181,2.959,59.868237,121.73
9/30/2016,23.9,2.202,2.906,59.29631,121.51
3/10/2016,23.99,2.217,1.788,54.012939,120.06
5/10/2016,25.6,2.09,2.158,56.5453,121.34
6/10/2016,24.19,2.031,2.556,60.143204,121.57
10/10/2016,23.14,2.191,3.275,57.648384,120.68
11/10/2016,26.2,2.55,2.632,56.708096,119.78
10/13/2016,18.28,2.115,3.341,58.520817,120.94
10/14/2016,21.48,2.103,3.285,57.968277,120.83
10/17/2016,19.7,2.099,3.244,58.5499,120.98
10/18/2016,25.38,2.098,3.263,59.063663,121.07
10/19/2016,22.92,2.097,3.17,59.024887,121.07
10/20/2016,24.16,2.091,3.141,58.976421,121.03
10/21/2016,24.25,2.083,2.993,58.462658,121.05
10/24/2016,23.35,2.087,2.831,58.656532,120.95
10/25/2016,23.68,2.132,2.774,58.927952,120.95
10/26/2016,21.67,2.139,2.731,59.05397,120.84
10/27/2016,21.25,2.166,2.764,58.84071,120.64
10/28/2016,21.35,2.188,3.105,59.12183,120.73
10/31/2016,20.52,2.2,3.026,60.217213,120.8
1/11/2016,21.33,1.968,2.396,49.458195,119.38
2/11/2016,17.48,2.004,1.994,52.232704,121.8
3/11/2016,16.97,2.239,1.822,54.278072,119.88
4/11/2016,18.72,2.088,1.912,56.211277,121.49
7/11/2016,19.76,2.147,2.702,62.258068,122.03
8/11/2016,17.66,2.19,2.551,61.632889,121.43
10/11/2016,17.04,2.179,3.237,57.018295,120.74
11/14/2016,16.85,2.518,2.749,56.368816,119.17
11/15/2016,18.58,2.502,2.709,57.289715,119.02
11/16/2016,21.79,2.465,2.764,56.911663,119.01
11/17/2016,20.18,2.487,2.703,56.872887,118.84
11/18/2016,17.32,2.464,2.843,56.591778,118.58
11/21/2016,20.17,2.513,2.95,57.347878,118.53
11/22/2016,20.81,2.542,2.982,57.502979,118.64
11/23/2016,19.99,2.606,3.026,56.911663,118.34
11/28/2016,24.17,2.656,3.232,58.87949,118.52
11/29/2016,21.97,2.595,3.315,58.608055,118.62
11/30/2016,23.16,2.622,3.352,56.998905,118.36
1/12/2016,22.35,1.953,2.257,49.770683,119.55
2/12/2016,36.38,2.027,1.966,52.280052,121.31
5/12/2016,40.22,2.073,2.155,56.535755,121.13
7/12/2016,38.52,2.211,2.734,61.267403,121.74
8/12/2016,29.67,2.14,2.586,61.671364,121.7
9/12/2016,36.05,2.096,2.915,59.199505,121.21
12/12/2016,47.54,2.613,3.507,57.987659,118.33
12/13/2016,47.7,2.593,3.474,58.734074,118.21
12/14/2016,42.32,2.6,3.54,57.677464,117.78
12/15/2016,50.35,2.596,3.434,58.171841,117.42
12/16/2016,28.78,2.561,3.415,59.170292,117.45
12/19/2016,25.18,2.497,3.392,58.957035,117.66
12/20/2016,31.3,2.499,3.263,59.257542,117.61
12/21/2016,30.03,2.491,3.542,59.247841,117.69
12/22/2016,25.79,2.494,3.538,59.402943,117
12/27/2016,27.91,2.508,3.761,59.306007,117.62
12/28/2016,30.68,2.495,3.93,58.709919,117.9
12/29/2016,28.52,2.479,3.802,59.696884,118.13
12/30/2016,62.7,2.498,3.724,59.384178,118.28
3/1/2017,38.06,2.727,2.799,64.348335,117.52
3/1/2017,38.06,2.727,2.799,64.348335,117.52
5/1/2017,32.12,2.65,3.215,65.420456,118.27
6/1/2017,27.28,2.584,3.008,67.812454,118.74
9/1/2017,30.86,3.098,3.07,69.325188,118.66
11/1/2017,39.15,3.133,2.893,57.240002,117.12
12/1/2017,29.84,3.066,3.061,54.130001,116.68
1/13/2017,28.05,2.68,3.419,59.198517,117.84
1/17/2017,27.2,2.616,3.412,60.371147,118.16
1/18/2017,26.47,2.608,3.302,60.058445,117.86
1/19/2017,28.37,2.602,3.368,59.706654,117.55
1/20/2017,30.69,2.617,3.204,59.960728,117.68
1/23/2017,31.21,2.639,3.243,59.599167,118.03
1/24/2017,33.79,2.7,3.279,59.501442,117.69
1/25/2017,36.75,2.703,3.332,59.452583,117.48
1/26/2017,33.82,2.666,3.382,59.374409,117.62
1/27/2017,30.91,2.68,3.391,59.237598,117.73
1/30/2017,29.78,2.647,3.232,59.198517,117.75
1/31/2017,29.49,2.721,3.117,60.478638,117.87
2/2/2017,29.73,2.678,3.187,60.537273,117.82
3/2/2017,24.06,2.679,2.804,64.670807,117.34
6/2/2017,27.7,2.571,2.999,67.773079,118.95
8/2/2017,21.4,2.882,2.811,67.856728,118.2
10/2/2017,23.5,2.939,2.916,68.129997,117.45
2/13/2017,25.93,2.776,2.944,62.237595,117.88
2/14/2017,23.2,2.731,2.905,61.87603,117.63
2/15/2017,20.19,2.736,2.925,61.504696,117.45
2/16/2017,18.34,2.716,2.854,61.944435,117.75
2/17/2017,18.48,2.705,2.834,62.462349,117.92
2/21/2017,19.11,2.745,2.564,63.165924,117.91
2/22/2017,22.39,2.732,2.592,63.283192,117.94
2/23/2017,20.04,2.643,2.617,63.918365,118.14
2/24/2017,22.03,2.68,2.627,64.81739,118.49
2/27/2017,16.06,2.688,2.693,64.612175,118.16
2/28/2017,16.18,2.704,2.774,65.227814,118.07
1/3/2017,20.87,2.481,3.327,58.993301,117.55
2/3/2017,16.18,2.61,3.063,60.185482,117.77
3/3/2017,16.71,2.687,2.827,64.563316,117.42
7/3/2017,18.28,2.681,2.951,65.10833,117.6
8/3/2017,21.65,2.877,2.8,68.372673,118.34
10/3/2017,17.72,2.949,2.895,68.309998,117.51
3/13/2017,16.66,2.616,3.043,64.250618,117.03
3/14/2017,14.75,2.624,2.938,64.17244,117.06
3/15/2017,9.82,2.646,2.981,65.34507,117.56
3/16/2017,8.34,2.666,2.902,64.51445,117.49
3/17/2017,22,2.679,2.948,65.071449,117.55
3/20/2017,18.03,2.655,3.041,64.651268,117.7
3/21/2017,12.04,2.61,3.093,65.77504,117.84
3/22/2017,16.46,2.622,3.011,65.921616,118.01
3/23/2017,4.22,2.636,3.051,65.999794,117.98
3/24/2017,3.7,2.623,3.076,66.3125,118.02
3/27/2017,8.81,2.625,3.052,65.657776,118.11
3/28/2017,10.14,2.669,3.096,65.804352,117.47
3/31/2017,15.97,2.647,3.19,65.322021,118.08
4/4/2017,19.49,2.606,3.293,65.87326,117.98
5/4/2017,16.86,2.502,3.186,65.912636,118.09
10/4/2017,22.91,2.945,2.94,69.199997,117.51
12/4/2017,13.35,3.063,2.985,53.52,116.53
4/13/2017,21.84,2.57,3.227,66.089821,118.62
4/17/2017,20.12,2.595,3.163,66.424507,118.56
4/18/2017,22.83,2.529,3.145,66.473724,118.9
4/19/2017,7.27,2.534,3.185,66.483566,118.81
4/20/2017,13.2,2.541,3.159,66.099663,118.6
4/21/2017,15.81,2.537,3.101,66.276848,118.67
4/24/2017,12.94,2.554,3.066,66.729652,118.47
4/25/2017,4.69,2.582,3.043,66.601692,118.24
4/26/2017,4.19,2.591,3.142,65.952011,118.32
4/27/2017,4.71,2.58,3.239,66.227631,118.39
4/28/2017,12.98,2.596,3.276,66.001228,118.41
1/5/2017,21.95,2.53,3.273,59.159428,117.95
4/5/2017,6.17,2.675,3.266,66.424507,118.02
5/5/2017,15.67,2.519,3.266,66.089821,118.11
9/5/2017,18.64,3.107,2.972,69.295418,119.08
10/5/2017,9.36,3.031,2.923,69.07,117.39
12/5/2017,17.44,2.921,2.914,53.599998,116.5
5/15/2017,10.57,2.533,3.349,65.420456,118.28
5/16/2017,14.46,2.545,3.23,64.524696,118.32
5/17/2017,23.11,2.542,3.192,64.308136,118.81
5/18/2017,17.71,2.526,3.182,64.603439,118.7
5/19/2017,29.07,2.574,3.256,64.514854,118.65
5/22/2017,24.03,2.589,3.33,64.89875,118.62
5/23/2017,12.32,2.591,3.219,65.125153,118.45
5/24/2017,21.02,2.578,3.209,65.194054,118.59
5/26/2017,25.21,2.559,3.236,66.316223,118.62
5/30/2017,13.52,2.561,3.145,66.828094,118.77
5/31/2017,16.96,2.577,3.071,67.310425,118.81
1/6/2017,14.12,2.538,3.285,59.823921,117.64
2/6/2017,20.59,2.646,3.05,60.224571,118.16
6/6/2017,29.46,2.545,3.042,67.605728,119
7/6/2017,16.89,2.651,2.888,64.701523,117.55
9/6/2017,3.92,3.131,3,69.136665,118.88
12/6/2017,0.14,2.937,2.922,53.060001,116.67
6/13/2017,11.3,2.593,2.966,66.404816,118.68
6/14/2017,14.33,2.571,2.933,67.280899,118.91
6/15/2017,9.74,2.564,3.056,67.97979,118.75
6/16/2017,23.55,2.562,3.037,68.078232,118.86
6/19/2017,15.31,2.59,2.894,67.950264,118.66
6/20/2017,19.79,2.555,2.907,68.137283,118.8
6/21/2017,22.14,2.602,2.893,68.097908,118.77
6/22/2017,16.11,2.598,2.894,67.733696,118.79
6/23/2017,20.02,2.623,2.929,66.965904,118.82
6/26/2017,12.27,2.625,3.027,67.054497,118.85
6/27/2017,11.4,2.647,3.037,65.991394,118.62
6/28/2017,22.8,2.662,3.067,65.584579,118.69
6/29/2017,17.7,2.683,3.042,65.584579,118.53
6/30/2017,22.59,2.699,3.035,65.852478,118.52
3/7/2017,37.16,2.61,2.824,64.748993,117.32
6/7/2017,32.58,2.549,3.02,67.940414,118.85
7/7/2017,20.58,2.638,2.864,64.810661,117.49
11/7/2017,23.91,3.083,3.152,56.299999,117.28
12/7/2017,23.89,2.941,2.763,52.959999,116.58
7/13/2017,23.77,2.655,2.961,65.6838,117.83
7/14/2017,27.18,2.684,2.98,65.832634,117.98
7/17/2017,26.35,2.717,3.02,65.961624,118.02
7/18/2017,23.22,2.724,3.088,66.110451,118.15
7/19/2017,23.34,2.703,3.066,66.576782,118.13
7/20/2017,30.22,2.708,3.043,67.112572,118.14
7/21/2017,40.29,2.715,2.97,67.727745,118.26
7/24/2017,43.35,2.729,2.899,67.370552,118.16
7/25/2017,35.34,2.841,2.944,66.983589,117.87
7/26/2017,27.58,2.869,2.924,67.370552,118.2
7/27/2017,33.11,2.874,2.969,67.023277,118.1
7/28/2017,45.52,2.87,2.941,66.924049,118.16
7/31/2017,81.52,2.888,2.794,67.162186,118.15
2/8/2017,93.79,2.66,3.126,61.72945,118.34
3/8/2017,37.9,2.592,2.901,63.674068,117.17
8/8/2017,46.45,2.942,2.822,68.710022,118.18
9/8/2017,36.9,3.022,2.89,70.08918,119.09
11/8/2017,24.73,3.093,3.175,55.830002,117.2
8/14/2017,25.61,2.906,2.959,68.630646,118.5
8/15/2017,24.96,2.885,2.935,68.809242,118.27
8/16/2017,27.31,2.954,2.89,69.017601,118.45
8/17/2017,27.15,2.938,2.929,68.442131,118.54
8/18/2017,39.82,2.941,2.893,68.600876,118.54
8/21/2017,43.52,2.981,2.962,68.809242,118.61
8/22/2017,35.56,2.986,2.939,69.126747,118.45
8/23/2017,29.52,2.981,2.928,69.35495,118.62
8/24/2017,43.52,3.034,2.949,69.235886,118.49
8/25/2017,103.96,3.033,2.892,69.533554,118.57
8/28/2017,129.79,3.065,2.925,69.761749,118.66
8/29/2017,40.8,3.081,2.961,69.712151,118.78
8/30/2017,51.42,3.064,2.939,69.563316,118.7
8/31/2017,77.79,3.079,3.04,69.831207,118.78
1/9/2017,91.92,2.53,3.103,58.924896,117.85
5/9/2017,39.86,2.49,3.227,65.725601,117.87
6/9/2017,26.57,2.646,3.039,67.339958,118.74
8/9/2017,29.34,2.93,2.883,68.481812,118.35
11/9/2017,25.5,3.08,3.2,55.950001,117.21
9/13/2017,25.31,2.961,3.058,69.007683,118.53
9/14/2017,23.91,2.937,3.07,69.543465,118.48
9/15/2017,23.1,2.928,3.024,69.731987,118.4
9/18/2017,22.53,2.949,3.146,69.106903,118.3
9/19/2017,24.28,2.95,3.122,68.739784,118.25
9/20/2017,24.39,2.95,3.094,68.511581,118.03
9/21/2017,25.15,2.914,2.946,68.640564,117.99
9/22/2017,26.23,2.925,2.959,68.362755,118.07
9/25/2017,23.99,2.917,2.919,68.74971,118.24
9/26/2017,24.83,2.897,2.918,68.501656,118.2
9/27/2017,24.81,2.911,2.974,67.440002,117.96
9/28/2017,20.02,2.962,3.017,68.050003,118.06
9/29/2017,24.97,2.938,3.007,68.089996,117.98
2/10/2017,23.99,2.762,3.034,61.905346,117.99
3/10/2017,26.01,2.587,3.008,64.133347,117.12
4/10/2017,26.34,2.602,3.238,66.02092,117.9
5/10/2017,22.45,2.487,3.292,65.449989,117.86
10/10/2017,26,3.046,2.891,69.190002,117.41
11/10/2017,26.65,3.07,3.213,56.950001,117
10/13/2017,28.63,3.119,3,57.720001,117.58
10/16/2017,24.74,3.224,2.946,53.43,117.34
10/17/2017,30.05,3.18,2.962,57.439999,117.34
10/18/2017,27.31,3.163,2.854,56.439999,117.21
10/19/2017,28.65,3.153,2.873,57,117.27
10/20/2017,36.46,3.151,2.915,57.860001,117.09
10/23/2017,31.03,3.174,2.991,57.259998,117.18
10/24/2017,25.61,3.187,2.974,57.110001,117.09
10/25/2017,25.64,3.171,2.919,56.68,116.96
10/26/2017,25.12,3.167,2.89,56.740002,116.9
10/27/2017,24.33,3.094,2.752,57.130001,117.03
10/30/2017,24.23,3.102,2.966,57.27,117.26
10/31/2017,23.09,3.092,2.896,57.77,117.19
1/11/2017,25.49,2.601,3.224,59.491676,117.86
7/11/2017,25.05,2.664,3.047,64.54277,117.68
8/11/2017,24.99,2.914,2.983,68.481812,118.65
9/11/2017,22.04,3.046,2.95,71.002007,118.83
11/13/2017,24.09,3.111,3.167,56.889999,116.89
11/14/2017,24.91,3.06,3.102,56.610001,116.94
11/15/2017,25.18,3.049,3.08,55.630001,117.05
11/16/2017,24.43,3.043,3.053,55.150002,116.93
11/17/2017,26.27,3.062,3.097,54,116.94
11/20/2017,26.38,3.091,3.047,52.650002,116.77
11/21/2017,24.14,3.126,3.017,53.73,116.68
11/22/2017,24.57,3.135,2.968,53.889999,116.98
11/27/2017,23.74,3.132,2.928,54.189999,116.99
11/28/2017,24.27,3.071,3.074,55.049999,116.91
11/29/2017,24.75,3.04,3.179,55.060001,116.82
11/30/2017,23.71,3.037,3.025,54.240002,116.58
1/12/2017,24.47,2.66,3.386,59.227829,117.91
4/12/2017,27.87,2.544,3.187,66.463875,118.27
5/12/2017,28.71,2.518,3.424,65.292496,118.3
6/12/2017,25.89,2.612,3.024,66.276848,118.68
7/12/2017,25.55,2.677,2.985,64.532852,117.88
12/12/2017,34.54,2.999,2.678,53.43,116.48
12/13/2017,31.55,3.03,2.715,53.09,116.77
12/14/2017,26.17,3.049,2.684,52.720001,116.66
12/15/2017,24.5,3.11,2.612,53.049999,116.55
12/18/2017,25.29,3.122,2.745,52.5,116.52
12/19/2017,35.19,3.127,2.692,52.049999,116.29
12/20/2017,33.46,3.171,2.637,51.119999,116.21
12/21/2017,25.83,3.195,2.598,44.5,116.18
12/22/2017,29.16,3.215,2.667,44.57,116.14
12/26/2017,27.08,3.256,2.643,44.450001,115.93
12/27/2017,24.08,3.257,2.738,44.68,116.1
12/28/2017,21.74,3.286,2.914,44.810001,116.3
12/29/2017,30.92,3.28,2.953,44.830002,116.37
3/1/2018,31.15,3.099,2.698,41.259998,114.59
5/1/2018,24.36,3.015,2.802,46.27,113.35
10/1/2018,20.51,2.788,3.094,45.869999,112.45
11/1/2018,21.25,2.721,3.237,47.18,112.48
1/16/2018,22.25,3.199,3.129,44.02,115.5
1/17/2018,20.66,3.167,3.232,44.200001,115.31
1/18/2018,20.26,3.177,3.189,44.5,115.27
1/19/2018,21.74,3.167,3.185,44.389999,115.15
1/22/2018,23.65,3.178,3.224,43.939999,115.04
1/23/2018,21.84,3.09,3.444,43.84,115.23
1/24/2018,21.36,3.208,3.509,43.68,115.12
1/25/2018,19.39,3.199,3.447,43.490002,115.21
1/26/2018,20.18,3.183,3.505,43.540001,114.97
1/29/2018,16,3.178,3.631,42.98,114.88
1/30/2018,20.38,3.177,3.195,41.98,114.84
1/31/2018,20.23,3.184,2.995,42.43,114.71
1/2/2018,8.03,3.256,3.056,44.490002,115.98
2/2/2018,12.27,3.176,2.846,41.439999,114.41
5/2/2018,15.27,3.047,2.754,45.869999,113.44
7/2/2018,10.46,2.932,2.862,43.740002,113.51
8/2/2018,17.46,2.76,2.816,42.310001,113.12
2/13/2018,19.81,3.155,2.594,39.830002,114.64
2/14/2018,20.1,3.228,2.587,39.080002,114.2
2/15/2018,10.6,3.239,2.58,39.959999,114.22
2/16/2018,35.35,3.243,2.558,40.400002,114.3
2/20/2018,37.96,3.186,2.616,40.009998,114.21
2/21/2018,49.34,3.212,2.659,39.790001,114.09
2/22/2018,22.59,3.237,2.634,40.09,114.22
2/23/2018,25.21,3.208,2.625,41.139999,114.38
2/26/2018,22.21,3.196,2.639,41.060001,114.44
2/27/2018,25.6,3.158,2.683,40.23,114.15
2/28/2018,24.74,3.107,2.667,41.09,114.23
1/3/2018,20.94,3.237,3.008,43.77,115.98
5/3/2018,31.06,3.059,2.726,44.369999,113.53
7/3/2018,20.77,2.906,2.87,43.970001,113.62
8/3/2018,17.92,2.785,2.853,42.959999,113.3
12/3/2018,20.11,2.809,4.339,27.110001,112.99
3/13/2018,18.2,3.119,2.786,45.099998,114.38
3/14/2018,23.02,3.14,2.731,44.169998,114.47
3/15/2018,20.73,3.111,2.681,44.169998,114.42
3/16/2018,22.57,3.093,2.688,45.080002,114.31
3/19/2018,22.29,3.07,2.651,44.48,114.32
3/20/2018,20.22,3.026,2.675,43.450001,114.16
3/21/2018,17.01,3.049,2.638,42.959999,114.11
3/22/2018,19.09,3.012,2.617,44.130001,114.4
3/23/2018,19.14,2.985,2.591,43.080002,114.5
3/26/2018,14.56,2.961,2.618,42.869999,114.38
3/27/2018,15.97,2.991,2.691,43.939999,114.67
3/28/2018,16.14,2.994,2.698,43.240002,114.63
3/29/2018,15.48,3.019,2.733,43.93,114.73
4/4/2018,24.77,3.007,2.718,43.459999,114.3
5/4/2018,14.37,3.066,2.711,44.880001,113.52
6/4/2018,23.03,3.127,2.93,42,113.58
9/4/2018,16.67,2.602,2.823,47.009998,113.45
10/4/2018,22.32,2.777,3.165,46.990002,112.02
12/4/2018,17.03,2.759,4.457,26.75,113.12
4/13/2018,17.15,3.067,2.735,45.34,113.96
4/16/2018,14.43,3.091,2.752,45.59,113.95
4/17/2018,25.24,3.075,2.738,46.799999,113.97
4/18/2018,22.78,3.154,2.739,46.450001,113.72
4/19/2018,10.44,3.128,2.66,46.5,113.59
4/20/2018,21.09,3.131,2.739,45.73,113.45
4/23/2018,20.95,3.108,2.74,45.57,113.34
4/24/2018,23.56,3.139,2.781,46.299999,113.39
4/25/2018,21.88,3.132,2.786,46.34,113.3
4/26/2018,4.5,3.113,2.821,46.290001,113.38
4/27/2018,14.23,3.046,2.771,46.630001,113.45
4/30/2018,17.47,3.053,2.763,46.099998,113.51
1/5/2018,22.29,3.207,2.795,44.290001,115.8
2/5/2018,16.94,3.211,2.747,40.299999,114.79
3/5/2018,12.72,3.106,2.704,41.950001,114.31
4/5/2018,18.28,3.07,2.675,44.029999,114.14
7/5/2018,17.46,2.814,2.837,44.18,113.55
9/5/2018,7.58,2.61,2.795,47,113.48
10/5/2018,12.56,2.763,3.143,47.950001,111.95
11/5/2018,20.45,2.756,3.567,48.709999,112.2
5/14/2018,17.21,3.079,2.842,43.23,113.24
5/15/2018,10.51,3.042,2.836,42.950001,112.91
5/16/2018,8.29,3.058,2.815,42.580002,112.88
5/17/2018,6.97,3.077,2.859,42.220001,112.9
5/18/2018,11.76,3.051,2.847,42.779999,113.08
5/21/2018,17.16,3.086,2.81,43.209999,113.06
5/22/2018,18.28,3.119,2.908,43.630001,113.07
5/25/2018,10.78,3.067,2.939,44.66,113.69
5/29/2018,14.55,3.052,2.875,42.34,114.58
5/30/2018,6.49,3.059,2.885,43.09,114.1
5/31/2018,5.32,3.058,2.952,43.330002,114.11
4/6/2018,14.98,3.054,2.701,43.970001,114.39
6/6/2018,16.72,3.255,2.896,41.150002,113.47
7/6/2018,13.93,2.813,2.858,45.029999,113.64
8/6/2018,19.58,2.752,2.86,44.580002,113.34
11/6/2018,23.99,2.732,3.555,48.580002,112.09
12/6/2018,17.94,2.743,4.327,26.030001,113.38
6/13/2018,23.28,3.248,2.963,39.380001,113.34
6/14/2018,21.73,3.216,2.965,39.889999,113.45
6/15/2018,25.26,3.141,3.022,40.200001,113.52
6/18/2018,25.21,3.103,2.951,39.790001,113.52
6/19/2018,26.55,3.046,2.9,39.889999,113.67
6/20/2018,17.33,3.046,2.964,40,113.55
6/21/2018,14.91,3.025,2.975,40.529999,113.7
6/22/2018,13.01,3.033,2.945,42.919998,113.68
6/25/2018,17.36,2.992,2.923,42.290001,113.82
6/26/2018,15.65,2.997,2.939,42.619999,113.81
6/27/2018,9.78,2.99,2.996,42.470001,114.04
6/28/2018,10.13,2.954,2.94,42.709999,113.93
6/29/2018,16.59,2.951,2.924,42.560001,113.95
2/7/2018,26.03,3.076,2.702,39.48,114.57
3/7/2018,42.81,3.114,2.777,41.119999,114.28
5/7/2018,29.95,3.059,2.741,44.619999,113.52
6/7/2018,26.6,3.268,2.93,41.669998,113.62
9/7/2018,25.94,2.623,2.776,45.779999,113.23
11/7/2018,50,2.755,3.555,48.799999,112.04
12/7/2018,37.9,2.76,4.488,25.790001,113.65
7/13/2018,54.42,2.77,2.752,43.27,113.63
7/16/2018,39.63,2.757,2.759,43.040001,113.51
7/17/2018,31.43,2.74,2.74,42.57,113.47
7/18/2018,30.18,2.752,2.721,42.139999,113.45
7/19/2018,40.31,2.686,2.769,42.259998,113.59
7/20/2018,197.94,2.746,2.757,41.439999,113.48
7/23/2018,217.94,2.737,2.721,41.529999,113.18
7/24/2018,214.62,2.8,2.732,42.490002,113.22
7/25/2018,194.83,2.806,2.775,42.990002,113.25
7/26/2018,87.05,2.804,2.78,44.700001,113.08
7/27/2018,105.7,2.788,2.822,43.48,113.12
7/30/2018,93.35,2.779,2.797,43.220001,113.12
7/31/2018,75.51,2.819,2.782,43.080002,113.12
1/8/2018,62.84,3.201,2.835,45.23,115.79
2/8/2018,58.69,3.072,2.697,38.240002,114.55
3/8/2018,254.31,3.058,2.756,41.73,114.35
6/8/2018,300.52,3.293,2.89,41.450001,113.65
8/8/2018,131.15,2.771,2.949,44.09,113.19
10/8/2018,83.72,2.767,3.267,47.919998,112.02
8/13/2018,85.84,2.752,2.93,42.790001,113.62
8/14/2018,64.1,2.704,2.959,42.84,113.53
8/15/2018,48.29,2.582,2.94,43.470001,113.72
8/16/2018,35.79,2.635,2.908,44.790001,113.6
8/17/2018,49.29,2.647,2.946,45.25,113.59
8/20/2018,45.87,2.686,2.941,44.779999,113.82
8/21/2018,31.91,2.712,2.98,44.700001,113.7
8/22/2018,24.73,2.693,2.956,44.599998,113.8
8/23/2018,22.27,2.678,2.964,43.959999,113.75
8/24/2018,28.15,2.723,2.917,42.810001,113.7
8/27/2018,34.07,2.732,2.876,43.610001,113.61
8/28/2018,26.58,2.759,2.852,45.669998,113.48
8/29/2018,26.73,2.736,2.895,46.900002,113.41
8/30/2018,23.56,2.717,2.874,47.02,113.54
8/31/2018,32.76,2.671,2.916,46.18,113.12
4/9/2018,38.88,3.071,2.693,44.43,114.31
5/9/2018,35.67,3.039,2.737,42.59,113.27
7/9/2018,26.15,2.839,2.828,45.09,113.51
10/9/2018,25.12,2.807,3.266,48.549999,112.02
11/9/2018,27.05,2.684,3.719,39.919998,112.12
9/13/2018,28.25,2.683,2.817,46.52,113.04
9/14/2018,28.91,2.646,2.767,46.970001,112.9
9/17/2018,28.84,2.651,2.814,46.82,112.9
9/18/2018,27.54,2.731,2.933,47.200001,112.76
9/19/2018,27.01,2.729,2.908,46.709999,112.65
9/20/2018,28.04,2.74,2.976,46.919998,112.66
9/21/2018,28.26,2.857,2.977,46.790001,112.7
9/24/2018,28.18,2.836,3.038,46.279999,112.69
9/25/2018,31.57,2.824,3.082,45.84,112.59
9/26/2018,31.28,2.828,3.021,45.16,112.73
9/27/2018,26.18,2.783,3.056,45.27,112.72
9/28/2018,28.81,2.805,3.008,46.009998,112.83
1/10/2018,23.81,3.215,2.906,44.549999,115.62
4/10/2018,35.32,3.131,2.656,44.150002,114.21
5/10/2018,36.9,3.092,2.814,43.380001,113.28
8/10/2018,35.96,2.764,2.944,42.669998,113.7
9/10/2018,36.07,2.628,2.804,46.25,113.23
10/10/2018,108.03,2.78,3.284,47.650002,112.02
12/10/2018,37.42,2.72,4.545,25.889999,113.57
10/15/2018,61.14,2.788,3.242,47.84,112.21
10/16/2018,43.41,2.78,3.239,48.790001,112.23
10/17/2018,44.78,2.778,3.32,48.959999,112.12
10/18/2018,47.75,2.747,3.198,48.240002,112.2
10/19/2018,51.06,2.778,3.25,48.849998,112.06
10/22/2018,55.6,2.785,3.138,47.779999,112.09
10/23/2018,53.63,2.758,3.212,47.290001,112.27
10/24/2018,50.89,2.757,3.166,47.240002,112.48
10/25/2018,41.34,2.755,3.202,47.369999,112.42
10/26/2018,49.08,2.741,3.185,46.290001,112.76
10/29/2018,47.41,2.74,3.185,46.779999,112.7
10/30/2018,45.54,2.664,3.187,46.93,112.6
10/31/2018,35,2.659,3.261,46.810001,112.38
1/11/2018,20.42,3.213,3.084,43.880001,115.68
5/11/2018,33.54,3.095,2.806,43.32,113.29
6/11/2018,59.56,3.251,2.949,39.759998,113.53
7/11/2018,60.88,2.733,2.829,43.650002,113.55
9/11/2018,58.6,2.622,2.828,46.290001,113.03
11/13/2018,61.99,2.705,4.101,32.720001,112.38
11/14/2018,57.21,2.728,4.837,25.59,112.54
11/15/2018,66.02,2.763,4.038,17.74,112.58
11/16/2018,69.9,2.81,4.272,24.4,112.82
11/19/2018,69.72,2.807,4.7,23.26,112.95
11/20/2018,48.25,2.776,4.523,23.51,112.91
11/21/2018,60.93,2.808,4.451,24.299999,112.83
11/26/2018,50.02,2.773,4.248,25.120001,112.77
11/27/2018,60.64,2.726,4.262,26.969999,112.85
11/28/2018,63.39,2.813,4.715,27.459999,112.95
11/29/2018,67.15,2.789,4.646,26.76,112.95
11/30/2018,89.49,2.788,4.612,26.379999,112.98
3/12/2018,96.78,3.104,2.778,42.419998,114.34
4/12/2018,77.63,3.06,2.686,44.630001,113.98
6/12/2018,66.28,3.243,2.939,39.290001,113.5
7/12/2018,61.41,2.768,2.797,43.66,113.48
10/12/2018,49.06,2.8,3.161,47.27,112.32
11/12/2018,44.8,2.676,3.788,32.98,112.31
12/12/2018,47.09,2.77,4.136,26.389999,113.34
12/13/2018,46.39,2.767,4.124,26.51,113.38
12/14/2018,44.46,2.763,3.827,26.01,113.51
12/17/2018,34.68,2.755,3.528,24.440001,113.67
12/18/2018,34.83,2.664,3.838,23.02,113.84
12/19/2018,36.85,2.716,3.726,23.75,113.97
12/20/2018,35.69,2.696,3.583,23.85,113.85
12/21/2018,42.67,2.674,3.816,22.75,113.92
12/26/2018,42.74,2.7,3.543,23.33,114.03
12/27/2018,35.33,2.668,3.642,23.6,114.31
12/28/2018,39.05,2.682,3.303,23.889999,114.41
12/31/2018,37.96,2.631,2.94,23.75,114.61
